"id","idQuiz","question","explanation"
0,0,"Quel est le seul moyen de contraception qui protège également des maladies sexuellement transmissibles ?","Le meilleur moyen de vous protéger des IST est d’utiliser un préservatif pour la fellation et un préservatif avec un gel à base d’eau pour la pénétration. Si le risque de transmission du VIH par la fellation est faible, il est en revanche très important pour certaines IST comme la syphilis.
Le préservatif est le seul moyen de contraception qui protège du VIH et des IST. Lorsqu’il existe un vaccin (hépatite B, infection à papillomavirus), celui-ci représente le moyen de prévention le plus efficace."
1,0,"Que signifie SM ?","Abréviation désignant l'association de tendances sadiques et masochistes chez la même personne."
2,0,"Quelle personne n'a jamais tourné dans un film pornographique?","Clara Morgane est une ancienne actrice porno, Katsumi est encore en activité, alors qu'Anna Tommy (simple jeu de mots...) n'existe pas."
3,0,"Qu’est-ce que la l’acomoclitisme?","L'acomoclitisme est le fétichisme sexuel des pubis glabres. Cela signifie, par exemple, que pour l'homme ou la femme pratiquant l'acomoclitisme, la vue des grandes lèvres rasées de sa partenaire, ou des bourses et pourtour de la verge rasés pour son partenaire est une source d'excitation sexuelle. Il ne faut pas confondre l'acomoclitisme (c'est-à-dire l'attirance sexuelle) avec les pratiques (le rasage ou l'épilation pubienne)."
4,0,"Avec quelle partie du corps réalise-t-on une branlette thaïlandaise ?","La branlette thaïlandaise est une masturbation pratiquée avec les pieds. On parle de branlette espagnole avec les seins, et de branlette Grecque avec les fesses."
5,0,"Lequel de ces 3 objets est un sextoy?","Le godemichet ou olisbos (dildo en anglais) est un objet phallique qui ne vibre pas, spécialement dédié à la pénétration, utilisé pour la stimulation sexuelle du vagin ou de l'anus. Il est généralement de la forme d'un pénis et d'un scrotum, mais, comme pour le vibromasseur, peut se décliner en de nombreuses formes, dont certaines plus extravagantes que d'autres, certains contenant par exemple un appendice externe dédié à la stimulation du clitoris."
6,0,"Parmi ces 3 propositions, laquelle est synonyme de masturbation ?","L’onanisme désigne en français les pratiques de masturbation. C’est donc à l’origine un terme religieux et moral, puis pseudo-médical, permettant de désigner la pathologie associée à la masturbation. Il apparaît précisément au moment où cette pratique commence à être considérée comme un fléau social et nuisible à la santé."
7,0,"Lequel de ces aliments n'est pas aphrodisiaque :","La yohimbine est considérée comme étant l'un des seuls aphrodisiaques naturels connus de l'homme et aussi le plus puissant. Le gingembre est aussi considéré comme ayant des effets aphrodisiaques."
8,0,"Une de ces personnalités n'a jamais porté d'anneau de pureté, laquelle?","Connaissant le passé de sa maman, Melle Ciccone ne risque pas de porter un anneau de pureté. Selena Gomez et Demi Lovato ont prôné les avantages de rester vierge jusqu'au mariage."
9,0,"Comment s'appelle le nouveau concept qui est de mimer une relation sexuelle tout en gardant ses vêtements?","Ce concept consiste plus ou moins à caricaturer l'acte sexuel en étant seul et habillé!Ce passe-temps est plus connu au Japon, il existe même des concours!"
10,0,"La mode est au bio, il existe même une marque de préservatif. Comment s'appelle-t-elle?","Malgré une appellation française, French Letter est une marque britannique! Avec cette volonté environnementale, la marque fait très attention à la composition de son préservatif."
11,0,"Je suis un sex coach donc :","Faire appel à un sex coach est une tendance plus courante en Angleterre qu'en France. En effet, un homme ou une femme vient chez vous et vous apprend à vous débloquer au lit! Vous pouvez avoir le droit à des démonstrations."
12,0,"On connait tous le kamasutra, mais qu'est ce que le kama-sousdrap?","Cette parure particulière renferme des micro-capsules d'huiles essentielles et celles-ci se libèrent au contact de votre peau. Vos petits câlins sont donc pimentés d'odeurs suptiles."
13,0,"Qu'est-ce qu'un gastrosexuel?","Le terme gastrosexuel n'est pas très classe, il fait plutôt penser à une maladie. Mais non, c'est juste un homme qui sait régaler nos papilles avant autre chose..."
14,0,"Qu'est-ce qu'un love plane?","Grand fantasme, l'amour dans un avion! C'est possible grâce à une compagnie aérienne qui loue certains avions pour 90 minutes de plaisir!"
15,0,"Le meilleur endroit pour conserver ses préservatifs :","Il est conseillé de conserver les préservatifs dans un endroit sec, frais et à l'abri du soleil. Tout autre endroit peut en effet altérer ses capacités."
16,0,"Combien de temps peut on garder un préservatif avec du spermicide ?","Pas d'explication particulière"
17,0,"Combien de temps peut on garder un préservatif classique ?","En effet, un préservatif ne se garde pas plus de 5 ans car dépassée cette date, le latex est moins imperméable."
18,0,"Quels sont les préservatifs les plus surs?","Cette nouvelle matière pour les préservatifs est plus résistantes que le latex et surtout beaucoup moins allergisante."
19,0,"La meilleure manière d’enfiler un préservatif est : ","En maintenant toujours le réservoir entre les doigts, placer le préservatif sur le bout du pénis en érection et utiliser l’autre main pour continuer à dérouler complètement le préservatif le long du pénis. Pendant le rapport, si le préservatif commence à s’enrouler sur lui-même, le remettre en place immédiatement en le déroulant à nouveau avant de continuer la relation sexuelle. Si le préservatif s’enlève entièrement, en mettre un nouveau avant de continuer la relation sexuelle."
20,0,"Le virus du Sida peut se transmettre par une poignée de main","Il est impossible d'attraper le VIH/SIDA par simple contact avec des personnes infectées, par l'étreinte, par une poignée de mains, par la toux ou un éternuement. Le VIH/SIDA ne se transmet pas par le siège des toilettes, les téléphones, les assiettes, les verres, les couverts, les serviettes, les draps, les piscines ou les bains publics. Le VIH/SIDA ne se transmet pas par des piqûres de moustiques ou d'autres insectes."
21,0,"En embrassant mon partenaire très amoureusement, je prends un risque vis-à-vis du Sida","Embrasser une personne atteinte du VIH ou du sida ne présente pas de risque. La concentration de VIH dans la salive est si infime qu'il faudrait en injecter plus d'un litre dans nos veines pour être infecté."
22,0,"Pendant les préliminaires, on peut se masturber réciproquement sans courir de risques","Le VIH n'est pas transmis par les baisers, même avec la langue. Les caresses, le contact corporel et la masturbation réciproque (petting) ne présentent aucun risque.
Le VIH ne peut non plus se transmettre dans les toilettes publiques ou par l'utilisation commune d'ustensiles de cuisine (tasses, couvert, etc.)."
23,0,"Il est inutile de se protéger pendant un cunnilingus","Le cunnilingus, comme la fellation, n'est pas une pratique sans dangers : il peut transmettre la plupart des maladies sexuellement transmissibles, comme l'herpès ou le condylome. Le risque de transmission du sida est en revanche très faible."
24,0,"Le risque de contamination par pénétration est moins important chez les hétérosexuels","Le risque de contamination par le VIH au cours d’une relation sexuelle entre deux hommes est 200 fois plus élevé que pour une relation sexuelle entre deux personnes hétérosexuelles ou entre deux femmes homosexuelles."
25,0,"Il est possible de réutiliser son préservatif plusieurs fois","Au-delà du manque d'hygiène, un préservatif ne peut servir qu´une seule fois. Le préservatif est trop fragile après utilisation, il ne protège plus et risque de se rompre. Utiliser un même préservatif plusieurs fois expose au risque de transmission des IST et met en danger vos partenaires."
26,0,"La sodomie est la position sexuelle qui favorise le plus les risques de contamination","La sodomie augmente le risque car les muqueuses anale et rectale sont très réceptives et surtout très fragiles puisqu'elles ne sont pas pourvues d'un tissu organisé pour résister aux frottements et à la pénétration. Le risque est double : pour la personne qui est pénétrée, c'est la transmission de germes par le sperme et les risques de déchirure de la muqueuse. Pour celui qui pénètre, c'est le risque d'être infecté par des germes intestinaux. C'est ainsi que l'amibiase , bien qu'étant une infection intestinale peut être considérée comme une MST."
27,0,"Je peux lubrifier mon préservatif avec n'importe quel corps gras","Les préservatifs sont généralement pré-lubrifiés mais vous pouvez compléter la lubrification au moyen d'un gel hydrosoluble. Les corps gras et la vaseline sont à proscrire : ils peuvent corrompre le préservatif ou le rendre poreux. Employez uniquement des gels appropriés disponibles en pharmacie."
28,0,"Une MST ne peut s'attraper que lors de la pénétration","Pour attraper une maladie sexuellement transmissible (MST), il faut qu'un certain nombre de conditions soient réunies.
D'abord il faut qu'il y ait contact sexuel direct dans la plupart des cas, ou indirect (objets de toilette, serviettes...) ce qui est assez rare. Ensuite, il faut que des liquides intimes (sécrétions vaginales, sperme, salive, etc.) contiennent le germe. Et enfin il faut que ces liquides intimes se mêlent alors que le germe y est encore présent et vivant.
L'acte sexuel remplit ces 3 conditions, et c'est pour cela que la transmission des MST se fait aussi facilement, mais ce n'est pas la seule façon."
29,0,"Le risque de contamination par le VIH est-il plus important lors des règles de la femme ?","Chez le partenaire infecté, le sang étant le liquide contenant le plus de virus, tout saignement peut augmenter le risque de transmission : les règles chez la femme, un rapport sexuel traumatisant, une plaie ou une ulcération d'origine infectieuse."
30,0,"Le risque de contamination par le VIH est-il plus important après la ménopause ?","A la ménopause, les muqueuses vaginales sont plus fragiles du fait de l'absence de des secrétions d'œstrogènes, Elles ont donc moins de défense. Elles sont plus susceptibles de saigner et de s'infecter. De plus, autant les jeunes ont le réflexe préservatif, autant les femmes après la ménopause ne l'ont pas encore vraiment acquis. La règle est d'utiliser un préservatif avec chaque nouveau partenaire pendant les 3 premiers mois et de faire test avant de l'abandonner."
31,0,"Le risque de contamination par le VIH est-il plus important si le rapport s'accompagne de violence ?","Les femmes sont souvent victimes de violences. La violence à l’égard des femmes qu’elle ait lieu dans la sphère familiale, sociale ou lors de conflits armés, rend difficile pour ne pas dire impossible le contrôle de leur vie sexuelle, favorisant ainsi les risques de transmission du VIH. La violence, ou la menace de violence, peut également modifier le comportement des femmes qui, par peur, évitent les services de prévention, de traitement et de soins liés au VIH."
32,0,"Toutes les femmes peuvent-elles avoir recours à la pose d'un stérilet? ","Il est interdit si vous avez eu une infection des trompes, interdit si vous avez déjà fait une grossesse extra-utérine, et est déconseillé aux femmes sans enfant."
33,0,"Le stérilet bloque-t-il l’ovulation ? ","Il ne bloque pas le cycle d'ovulation mais empêche la nidification dans l'Utérus afin d'empêcher qu'un ovule fécondé ne puisse s'accrocher sur la paroi Utérine."
34,0,"Le retrait du pénis avant l'éjaculation empêche totalement une éventuelle grossesse","Le retrait empêche le sperme de pénétrer dans le corps de la femme et donc la fécondation. Efficacité pour prévenir les grossesses:  
96% moyennant un usage correct et régulier, 73% dans la pratique courante. C'est l’une des méthodes les moins efficaces, parce que le bon moment pour le retrait est souvent difficile à déterminer."
35,0,"La pilule peut protéger de certaines MST","La pilule protège d’une éventuelle grossesse mais PAS du sida NI d'une quelconque autre MST (maladie sexuellement transmissible). Il est donc conseillé de combiner pilule et préservatif."
36,0,"Le diaphragme est un contraceptif installé dans l'utérus","Le diaphragme et la cape cervicale (en latex ou en silicone tous les deux sont des protections qui se glissent dans le vagin, au contact du col de l'utérus, pour empêcher le passage des spermatozoïdes vers l'intérieur de l'utérus."
37,0,"Aujourd'hui, il existe une pilule pour les hommes","L'absence d'innovation en matière de contraception masculine n'est sans doute pas entièrement liée à des raisons techniques, mais plutôt à l'impossibilité de construire une image convaincante de son usager potentiel."
38,0,"Le pénis d'un gorille est en moyenne de 3 cm","La longueur de son pénis en érection est de 5cm seulement, et 3cm au repos"
39,0,"On parle de micro-pénis à partir de 8 cm au repos","À l'âge adulte, la taille moyenne d'un pénis en érection est d'environ 12,5 cm. Ainsi, à l'âge adulte, un pénis mesurant moins de 7 cm en érection sera qualifié de micropénis."
40,0,"Le premier préservatif a été pensé comme moyen de contraception","3 000 ans avant J-C les soldats égyptiens souhaitant se protéger des maladies vénériennes utilisaient des boyaux de mouton ou des vessies de porc. Par la suite, le préservatif deviendra aussi un moyen de contraception, qu'il soit en papier de soie ou de tissu huilé, de soie ou de velours."
41,0,"Peut on naître avec le pénis tordu?","Contrairement à la croyance populaire, une courbe dans le pénis ne veut pas nécessairement signifier que vous avez la maladie de La Peyronie.

Cette pathologie tient son nom du premier chirurgien français qui la décrivit, François de la Peyronie, en 1743.

La maladie de La Peyronie est caractérisée par une courbure sévère dans le pénis causé par le durcissement de tissus. Une plaque ou un morceau de chair dur se forme dans le pénis, habituellement sur le dessus ou dessous du membre, dans la couche du tissu érectile. La plaque donne l’impression d’être du « tissu mort » qui n’est ni douloureux, ni agréable lorsque touché."
42,0,"Les MST et infections sont moins fréquentes chez les hommes circonsies","Un homme circoncis a un peu moins de risques d'attraper le sida au cours d'un rapport sexuel s'il n'utilise pas de préservatif. La circoncision diminue la surface de muqueuse de la zone sexuelle. Or ce sont les muqueuses qui peuvent laisser entrer dans le corps le virus du sida. C'est pourquoi les hommes circoncis sont un peu moins réceptifs au virus du sida. Cela dit, un peu moins ne signifie absolument pas qu'ils soient à l'abri de cette maladie. Ils doivent donc utiliser systématiquement des préservatifs en cas de relation sexuelle de passage, ou avec une personne dont ils ne connaissent pas les résultats du test de dépistage."
43,0,"Le « Prince Albert » est un surnom donné au piercing situé sur le pénis?","Lors de la réalisation d’un Prince Albert, on perce à droite ou à gauche du frein à l’aide d’une aiguille que l’on fait ressortir par l’urètre. On insère alors un anneau dans le trou ainsi formé à la base du gland. Il est considéré comme le piercing génital masculin le plus populaire."
44,0,"Peut-on se casser le pénis?","Extrêmement douloureuses et spectaculaires, les fractures du pénis sont pour la plupart dues à de faux mouvements lors d'ébats amoureux très dynamiques. Sous le choc, le pénis semblent s'être cassé. Lors de ces faux pas du coït, l'enveloppe rigide (albuginée) qui entoure le pénis se déchire. Relativement élastique lorsque le pénis est flasque, elle devient rigide lors de l'érection. Résultats, les testicules peuvent augmenter de volume, la verge vire au bleu indigo. Le numéro des urgences s'impose, tout en soignant rapidement l'hématome avec de la glace enveloppée dans un linge ! "
45,0,"Une érection trop persistante peut être dangereux","Contrairement à l'impuissance, le priapisme est une érection persistante qui ne retombe pas.

Malgré une absence de douleur chez certains hommes, le priapisme est très grave. Le pénis n'étant plus correctement irrigué, de nombreuses complications peuvent survenir, très rapidement.

Le plus souvent, le priapisme est consécutif à la prise d'un médicament contre l'impuissance."
46,0,"En Nouvelle-Guinée, la tradition veut que l'homme offre son prépuce (peau qui recouvre le gland) à sa sœur","Pas d'explication particulière"
47,0,"Ce n’est qu’en 1940 que la castration a été officiellement interdite","En Europe occidentale, la castration a parfois été pratiquée chez des enfants ou adolescents pour obtenir des castrats, c'est-à-dire des hommes chantant avec une voix aiguë, très recherchés jadis pour certains spectacles lyriques ou pour le chant à l'église (le catholicisme interdisait autrefois aux femmes de chanter dans une église). La pratique de la castration dans le but d'obtenir ce type de voix ayant été interdite par le pape Clément XIV à la fin du XVIIIe siècle, les castrats ont disparu au cours du siècle suivant."
48,0,"L'érection signifie que le corps caverneux se remplit de sang","Lors d'une excitation sexuelle, des puissantes impulsions vont vers les organes génitaux qui provoquent la relaxation des fibres musculaires dans les parois des artères et dans les corps caverneux du pénis. En conséquence, le pénis et les corps caverneux se remplissent de sang artériel, s’augmentent de la taille - une érection se produit."
49,0,"Avoir des éjaculations pendant son sommeil est un signe de troubles sexuels","En dehors d’une stimulation sexuelle active, l’éjaculation peut se produire pendant le sommeil ; on appelle parfois ce phénomène émission nocturne ou pollution nocturne. Ces éjaculations peuvent se produire à partir de l’adolescence et, moins fréquemment, au cours de l’âge adulte ; elles sont considérées comme normales. L’éjaculation nocturne correspond souvent à un rêve érotique. Enfin, il n’y a pas de corrélation entre l’abstinence sexuelle et leur fréquence."
50,0,"Le prépuce est la peau qui recouvre le gland","Le prépuce est le repli mobile de peau et de muqueuse coulissant et non roulant, qui couvre plus ou moins le gland du pénis et le protège à l’état de flaccidité. En 2009 et selon l’Organisation mondiale de la santé, plus de 1,5 milliards d’hommes, soit environ 70 % de la population masculine mondiale, possédaient un prépuce1, les 30 % restants (661 millions d’hommes) ayant fait l’objet d’une ablation du prépuce nommée circoncision."
51,0,"L'intensité de l'orgasme est liée à la quantité de sperme éjaculé","Il n'existe aucun lien entre l'intensité de l'orgasme et la quantité de sperme éjaculé. Pour améliorer l'orgasme, rendez-vous dans notre rubrique Conseils."
52,0,"Au contraire de la femme, les tétons des hommes sont insensibles","Les tétons d'un homme sont également sensibles, même si certains ne ressentent aucun plaisir."
53,0,"Les plus petites verges au repos sont forcément les plus petites en érection","Chez un même homme, la taille du pénis au repos est très variable, elle change selon la température du lieu ou l'état émotionnel. Même hors excitation, le stress, l'anxiété, l'effort, ont tendance à faire varier le volume des corps érectiles, lequel est aussi très variable d'un homme à l'autre. Et la taille du pénis au repos n'a aucune relation avec sa taille en érection."
54,0,"Le point G de la femme est en rapport avec le Gland du pénis de l'homme","Le point G vient de la 1ère lettre de celui qui l'a découvert, GRAFENBERG"
55,0,"Lors de l'excitation sexuelle le point G augmente de volume","Le point G gonfle sous l’effet d’une stimulation adaptée. Les parois du vagin (surtout la paroi antérieure) sont formées de corps érectiles qui augmentent de volume avec l’excitation sexuelle. Un peu comme le clitoris, le pénis ou encore le plexus nerveux. C’est une petite zone du périnée, localisée entre le scrotum et l’anus."
56,0,"Certaines positions permettent une meilleure stimulation du point G","Certaines positions sexuelles permettent une stimulation directe de cette zone en particulier si l'homme est derrière la femme lors du coït ou si, dans la position du missionnaire, elle pose ses jambes sur ses épaules. L'attention et le savoir-faire du partenaire sont cependant plus déterminants qu'une position particulière."
57,0,"La stimulation du point G donne souvent dans un premier temps le sentiment d'avoir envie d'uriner","La stimulation du point G provoque une envie d'uriner, car il passe devant l'urètre, conduit menant à la vessie. Loin de vous arrêter, ce signe doit vous inciter à persévérer, jusqu'à sa disparition au profit de sensations plus agréables."
58,0,"La stimulation du point G entraîne toujours l'orgasme","La stimulation du point G facilite l'accès à l'orgasme, mais ne le garanti en aucun cas. "
59,0,"Chez l'homme, la zone semblable du point G correspondrait à la prostate","En effet, la prostate, cette petite glande de la forme et de la taille d'une châtaigne située sous la vessie et traversée par l'urètre, participe non seulement à la fabrication du sperme, mais aussi au plaisir et à l'éjaculation. Explication : lors de l'éjaculation après le remplissage des canaux éjaculateurs c'est la prostate qui se contracte, les sécrétions prostatiques se mêlent alors au liquide séminal. Puis la contraction des muscles bulbo-caverneux expulsent le sperme de manière saccadée vers l'urètre pénien. Ces saccades musculaires participent grandement à la sensation de plaisir."
60,0,"Le point G est situé sur la paroi antérieure du vagin, derrière l’os du pubis","Il est situé sur la paroi antérieure du vagin, derrière l’os du pubis. Il est en général à la moitié du chemin entre l’entrée et le fond du vagin, soit à 4 cm de l’entrée. Mais chaque femme étant unique, il peut aussi se trouver juste à l’entrée, ou tout au fond."
61,0,"Le point G vient de la 1ère lettre de celui qui l'a découvert, GRAFENBERG","Le terme  point G apparaît pour la première fois dans le livre éponyme publié en 1982 par le Dr Patrick Dao, Alice Ladas et Beverly Whipple. L'ouvrage décrit une zone dans le vagin répondant à la stimulation directe pour provoquer un orgasme chez certaines femmes. Le nom point G a été utilisé par les auteurs du livre en référence au sexologue allemand Ernst Gräfenberg qui le premier considéra la sensibilité érotique de cette zone en 1950."
62,0,"Au XVIIème siècle, le mot Orgasme signifiait un excès de colère, rien à voir avec un plaisir sexuel","Jusqu’au XVIIe siècle, l’orgasme signifiait un accès de colère! Au XVIIIe siècle, une attaque d’orgasme était une crise d’hystérie (Diderot et d’Alembert). Ce n’est que vers 1830 que l’orgasme s’est mis à désigner l’acmé du plaisir sexuel… mais de l’homme, uniquement! Les femmes n’auront droit à l’orgasme - sémantiquement s’entend - qu’au cours du XXe siècle!"
63,0,"Le stress peut causer des troubles sexuels","29 % des hommes stressés victimes de troubles de l’érection. Baisse de désir, de la fréquence des rapports ou troubles de l’érection, le stress peut réellement miner votre vie sexuelle. En France, un homme sur cinq souffre de troubles de l’érection fréquents ou occasionnels. Dans la majorité de ces cas, ces problèmes sont d’origine psychogène (cause psychologique) ou mixte (en partie psychogène)."
64,0,"Il est possible d'avoir plusieurs orgasmes de suite pour une femme.","Grand avantage des femmes en matière d’orgasmes : elles peuvent les répéter. Après une première jouissance, leur plaisir et leur excitation ne retombent pas immédiatement, contrairement à l’homme dont l’érection disparaît rapidement. Les médecins parlent de la capacité multi-orgasmique de certaines femmes."
65,0,"Beaucoup de femmes découvrent le plaisir vaginal vers 30-35 ans","Si l’homme doit, pour accéder à la maturité, maîtriser ses pulsions, la femme doit, elle, au contraire aller vers le lâcher-prise, l’abandon. Ce comportement ne s’acquiert pas du jour au lendemain, explique Gérard Leleu. Il faut pour cela qu’elle ait une certaine connaissance de son plaisir, donc de son corps. La masturbation joue à ce titre un rôle important. Une fois que les femmes maîtrisent le cheminement de leur plaisir, elles peuvent s’autoriser à être sexuellement actives avec un homme. Cette lente progression vers la maturité explique que de nombreuses femmes découvrent l’orgasme vaginal plus sûrement autour de 35 ans que de 20.  Dès lors, faire l’amour devient un échange dans la connaissance de soi et des différences de l’autre."
66,0,"Chez l'homme, l'orgasme et l'éjaculation sont indissociables"," Il est aussi possible pour l’homme adulte d’avoir un orgasme sans éjaculer (par exemple lorsqu’il a déjà éjaculé plusieurs fois), on parle alors d’étreinte réservée, et d’éjaculer sans orgasme (ce qui peut être le cas pour les éjaculateurs précoces notamment)"
67,0,"De quel pays est originaire le Kamasutra?","A l'origine,ce livre indien était préconisé à l'aristocratie et aux courtisanes pour bien vivre en couple."
68,0,"Que veut dire Kamasutra?","En effet, Kama représente le dieu de l'amour charnel et sutra signifie aphorisme."
69,0,"Le Kamasutra est synonyme de Tantrisme","Le Kamasutra est un recueil de conseils à mettre en pratique alors que le Tantrisme est une réelle doctrine philosophique."
70,0,"Le Kamasutra venant d'Orient est arrivé en Occident au ","La première traduction du célèbre ouvrage indien est apparue en 1883!"
71,0,"Le Kamasutra fait partie des 10 livres les plus vendus au monde","On pourrait croire que le Kamasutra soit le livre le plus vendu au monde, tellement il est universel, mais non le n°1 est la Bible. Il ne fait même partie du top ten."
72,0,"L'homme est assis, jambes écartées, plantes de pieds collées l'une contre l'autre. La femme s'assied sur lui et entoure sa taille avec ses jambes. Comment s'appelle cette position ?","Cette position favorise un contact intime fort, une fusion des corps. Par ailleurs, la pénétration est d'autant plus facile que dans cette posture, le vagin se dilate naturellement. Les deux partenaires sont actifs et contrôlent ensemble le rythme des pénétrations. Car si, a priori, la femme semble plus en mesure de dominer la situation, l’homme peut l’aider à effectuer les mouvements en plaçant ses mains sous ses fesses."
73,0,"Quelle position privilégier quand une femme est enceinte?","Avec un gros ventre, il faut s'adapter, choisissez l'angevine car vous êtes couchés et l'homme pénètre doucement!"
74,0,"Quelle position n'existe pas ?","La position du Kangourou n'existe pas! Mais il est vrai qu'il est difficile de trouver car les termes sont toujours exotiques"
75,0,"Selon le Kamasutra que doit faire un homme pour stimuler l'acte sexuel :","Le Kamasutra explique à ses lecteurs qu'il est indispensable de savoir caresser, mordre ou griffer son partenaire pour un acte sexuel complet."
76,0,"Le missionnaire est une appellation occidentale et ne figure pas dans le Kamasutra","Cette position, grand classique de nos câlins, est bien illustrée dans le célèbre manuel."
77,0,"Dans l'une de ces positions, la femme est au-dessus. Laquelle ?","L’homme est allongé sur le dos, tandis que la femme est au-dessus, assise ou accroupie sur lui. C’est bien souvent la position que les sexologues recommandent aux femmes qui souhaitent découvrir l'orgasme vaginal. Puisqu'elles sont aux commandes, elles choisissent l’inclinaison de leur corps, l’angle et la profondeur de la pénétration, le rythme des mouvements. En clair, elles se font plaisir !"
78,0,"Qu'est-ce qui caractérise la position du collier de Vénus ?","Attention Mesdames, voici une position particulièrement acrobatique ! Alors que l'homme est debout, la femme accroche ses pieds autour du cou de son partenaire. Au lieu de garder la tête en bas, elle lève son buste et forme un angle droit avec ses jambes.
Autant vous dire que cela demande un brin d'équilibre, beaucoup d'abdos, et pas mal d'années de pratique ! Demandez au moins à votre partenaire de vous soutenir le buste avec ses bras..."
79,0,"Quelle star compare le bonheur du sexe au bonheur d'acheter des chaussures?","Pas d'explication particulière"
80,0,"Quel artiste a déclaré pouvoir se passer de sexe car elle se débrouille toute seule?","Pas d'explication particulière"
81,0,"Quelle star pense que le plus important pour les hommes est la taille de leur sexe?","Pas d'explication particulière"
82,0,"Quelle star a dit : Je ne sais pas à quoi sert un mâle, j'ai quelques gadgets électroniques formidables à la maison pour les remplacer.","Pas d'explication particulière"
83,0,"Quelle star a dit : Tout passe par le sexe, c'est la chose animale qui nous relie les uns aux autres.","Pas d'explication particulière"
84,0,"Quelle star a dit : Mon éducation catholique a multiplié par dix mon envie de sexe.","Pas d'explication particulière"
85,0,"Quelle célébrité a essayé la sodomie et le recommande à toutes les femmes?","Pas d'explication particulière"
86,0,"Quelle star a dit : Le sexe fait partie de la nature, j'obéis à la nature.","Pas d'explication particulière"
87,0,"Quelle star a dit : J'aime le sexe en voiture. Si j'en ai vraiment envie et qu'il me tente de faire quelque chose de fou et sexy, le siège arrière fait l'affaire.","Pas d'explication particulière"
88,0,"Quelle star a dit : Je connais de bien meilleurs orgasmes depuis que je suis entrée dans la quarantaine.","Pas d'explication particulière"
89,0,"Si l'homme trouve le point G de la femme, celle-ci a automatiquement un orgasme","La stimulation du point G procure des sensations agréables pour la femme, mais pas automatiquement un orgasme. Seul 10% des femmes ont connu un orgasme par la stimulation du point G."
90,0,"La taille du pénis est un facteur indispensable au plaisir de la femme","Un pénis de grande taille ne procure pas plus de plaisir qu'un pénis de taille normal. Il faut savoir qu' un vagin en excitation fait environ 12 cms et rare sont les pénis qui font moins de 12 cms en érection! "
91,0,"Suite à un accouchement, le vagin reste distendu","Certes, le vagin peut se détendre pour l'accouchement et heureusement! Mais il retrouve sa taille initial et sa tonicité quelques temps après."
92,0,"Les femmes qui ont beaucoup de pertes blanches, sont des femmes fontaines","Certaines femmes ont en effet des pertes blanches mais cela n'a rien avoir avec la femme fontaine. On parle de femme fontaine lorsque, au moment de l'orgasme, du liquide sort en jet de l'urètre, et cela de manière saccadée. C'est d'ailleurs pour cela que on utilise parfois les termes d'éjaculation féminine !"
93,0,"Un homme est incapable de simuler un orgasme","Eh oui, un homme peut simuler, ce n'est pas réservé aux femmes. Il pousse quelques cris et gémissements quand il s'ennuie. Cependant il n'éjacule pas car cela est impossible à faire sur commande!"
94,0,"Qu'est ce que le Mont de Vénus ?","Le Mont de Vénus désigne le petit coussin de graisse recouvert de poils situé à l'avant du sexe, au-dessus de l'os pubien. Il est très sensible et réactif aux baisers et caresses en tout genre."
95,0,"La taille du clitoris influence sur le plaisir de la femme","Le clitoris est l'organe le plus sensible de la femme mais sa différence de taille d'une femme à l'autre n'a aucune influence sur le plaisir!"
96,0,"Certains exercices musculaires peuvent accroitre les sensations vaginales, comment s'appellent ils?","En effet, la femme doit aller aux toilettes, commencer à uriner et contrôler le flux à plusieurs reprises. Ainsi ces muscles sont plus forts et elle pourra ressentir plus de sensations, voire un orgasme plus intense!"
97,0,"Il est nécessaire de bien respirer pendant l'amour, mais à quelle allure?","Une respiration lente et profonde détend vos muscles! Lorsque vous inspirez, ils se contractent et lorsque vous expirez, ils se détendent ce qui augmente votre énergie sexuelle."
98,0,"Une position, très célèbre, ne stimule pas le clitoris; laquelle :","Quand vous faites la position de la levrette, il n'y a aucun contact entre le clitoris de la femme et le sexe de l'homme."
99,0,"L'épilation peut jouer un rôle dans les sensations de la femme :","En effet, la peau est plus sensible sans aucun poil! Par conséquent, plus de sensations!"
100,0,"Une astuce pour intensifier le plaisir :","La chaleur augmente le flux sanguin vers les organes génitaux, ainsi le vagin est mieux lubrifier! A vous de trouver d'autres astuces pour vous réchauffer..."
101,0,"Quelle huile dois-je utiliser pour me détendre et savourer le plaisir de l'amour ?","Les huiles essentielles ont plusieurs vertus mais pour se détendre, rien de tel que du ylang-ylang."
102,0,"Un orgasme, pour être plus brûlant, doit être :","Pour un orgasme plus intense, on peut arrêter toutes stimulations juste avant l'extase, attendre et reprendre ensuite. Votre orgasme qui est maîtrisé n'en sera que plus fort au moment voulu!"
103,0,"Le vagin devient insensible après plusieurs utilisations de sextoys:","Absolument pas et heureusement :)"
104,0,"Selon vous quel est le pourcentage de femmes et d'hommes a avoir déjà vu un film pornographique?","Ce chiffre est fourni selon un sondage de Mr Dorcel!"
105,0,"Que signifie le candaulisme?","Ce terme vient du Roi Candaule qui montra à ses soldats ses ébats avec sa femme!"
106,0,"Quelle est la taille moyenne d'un pénis français en érection?","Le sexe d'un français est plus grand d'un cm que la moyenne mondiale! "
107,0,"Que signifie l'axilisme ?","En effet, les aisselles sont une zone chaude, comme le vagin et par conséquent procurer du plaisir."
108,0,"Un nouveau style de vidéos, fait fantasmer les hommes américains, lesquelles ?","En effet, le cranking plaît aux hommes américains! On peut voir des vidéos de femmes en talons caressant les pédales de camions."
109,0,"A quel âge en moyenne, une fille passe à l'acte?","Un garçon passe en moyenne aussi à l'acte vers 17 ans. Il n'y a presque plus de différence entre homme et femme!"
110,0,"Qu'est ce que le priapisme ?","Une érection prolongée peut durer des heures et être très douloureuse pour l'homme. Il faut aller aux urgences quand l'érection dure plus de 3 heures!"
111,0,"La soirée Démonia, qui se déroule 1 fois par an à Paris, réunit :","Cette soirée réunit tous les fans de domination,de bondages et d'accessoires en tout genre!"
112,0,"Dans la série Sex & the City, Samantha adore son sextoy, mais que représente-t-il ?","En effet, Samantha et ses copines utilisaient le maggic rabbit, un lapin vibromasseur! Tout le monde a voulu en avoir un après la diffusion de l'épisode."
113,0,"Le point G de la femme se trouve :","En général, il est situé à environ 3 à 5 cm de l’entrée de la vulve, entre l’os du pubis et le col de l’utérus. "
114,0,"Selon vous, quel est le pourcentage de femme à se masturber régulièrement ?","Les femmes avouent enfin qu'elles aussi se masturbent!"
115,0,"Une fellation est une stimulation du pénis par un mouvement de va-et-vient dans la bouche.","Une fellation mime un rapport sexuel de pénétration. Il s’agit donc d’introduire le pénis de son partenaire dans sa bouche et de reproduire ces mouvements."
116,0,"La partie la plus sensible du pénis est le gland :","Le gland est la partie hypersensible du pénis! A vous  de jouer mesdames..."
117,0,"Quel est le fantasme n°1 des hommes ?","La fellation est le n°1 des fantasmes masculins, mais il est suivi de près par faire l'amour à trois!"
118,0,"Fantasmer, signifie avoir un problème sexuel :","Pas du tout, fantasmer est un signe de bonne santé sexuelle! Au contraire, il faut s'inquiéter si vous ne fantasmez jamais!"
119,0,"Combien de femmes ont déjà pratiqué la sodomie ?","Eh oui, la pénétration anale est encore loin d'appartenir au répertoire sexuel ordinaire ! La sodomie reste une pratique plus occasionnelle que régulière : entre 25 et 49 ans, les femmes sont seulement 12%* à dire qu'elles la pratiquent souvent ou parfois."
120,0,"Le contact oral/anal s'appelle :","C'est une sensation qui provoque beaucoup de plaisir, mais il faut être très complice et intime avec son partenaire!"
121,0,"Que signifie fist-fucking ?","Les homosexuels pratiquent beaucoup plus le fist-fucking! Il faut prendre des précautions, car l'introduction de la main peut provoquer des lésions légères comme graves."
122,0,"Il ne faut absolument pas utiliser de lubrifiant pour la pénétration anale car cela comporte trop de risques d'infection","L'anus ne se lubrifie pas tout seul, il faut donc utiliser un lubrifiant pour faciliter la pénétration! A vous de choisir par la suite, celui que vous préférez."
123,0,"Le sphincter anal se dilate naturellement avec l'excitation :","Le sphincter ne peut se dilater seul, il faut l'aider en faisant de bonnes préliminaires! N'hésitez pas utiliser sextoy et lubrifiant, pour une meilleure sodomie!"
124,0,"Quel est le nom de l'hormone du désir ?","L'hormone du désir, la testostérone, est la même chez l'homme et la femme. La femme en produit beaucoup moins, mais elle y est plus sensible."
125,0,"Il est obligatoire de prendre des médicaments pour augmenter sa testostérone :","Pour augmenter sa libido, donc sa testostérone, de simples paroles érotiques suffisent! En effet fantasmer fait augmenter notre taux de testostérone"
126,0,"A quel moment, la femme a le plus envie de faire l'amour ?","Pendant l'ovulation, la femme a beaucoup plus de désir et cela est du à l'augmentation de ses hormones!"
127,0,"Quel sens peut, à lui seul, déclencher le désir chez l'homme, mais pas chez la femme ?","Un homme peut avoir envie rien qu'en regardant une belle femme. Cependant la femme a besoin de plus de facteurs, notamment psychologiques, pour avoir envie de faire l'amour."
128,0,"Une femme peut sécréter une hormone anti-désir sexuel :","Eh oui, les femmes peuvent suite à un accouchement sécréter l'hormone prolactine. Cette hormone déclenche les montées de lait et coupe le désir des femmes."
129,0,"A quel âge une femme atteint la maturité sexuelle ?","35 ans est l'âge du désir sexuel chez la femme, il est plus jeune chez l'homme. Certaines femmes disent ne pas connaître le bonheur sexuel avant cet âge!"
130,0,"Les saisons ont elles une influence sur le désir sexuel ?","Eh oui, les femmes ressentent plus de désirs au printemps. Elles ont un taux d'hormones plus important."
131,0,"Lequel de ces aliments est connu pour ses vertus aphrodisiaques ?","En effet, les huîtres sont riches en zinc, un élément indispensable à la fabrication de testostérone, l'hormone du désir !"
132,0,"Il existe un viagra féminin :","Aucun équivalent du viagra pour les femmes! Seul le désir compte, à vous de jouer messieurs..."
133,0,"Quelle maladie peut avoir un impact sur le désir sexuel ?","Toutes les maladies qui ont un impact sur les hormones, ont par conséquent un impact sur la libido."
134,0,"Certaines personnes n'ont aucun désir sexuel, qui sont-elles ?","Il existe 2 catégories d'asexuels : ceux qui n'éprouvent réellement aucune pulsion sexuelle et ceux qui refoulent volontairement leurs pulsions. Les asexuels sont très peu nombreux et on le comprend!"
135,0,"Si le vagin d'une femme ne se lubrifie pas naturellement, c'est qu'elle n'éprouve aucun désir :","En général, il est vrai que le vagin se lubrifie naturellement, mais parfois à cause d'une déprime, d'un stress, cela ne se produit pas même si l'envie est là!"
136,0,"En moyenne, quelle est la taille du clitoris ?","C'est un organe tout petit, mais très important. La taille ne fait pas le plaisir."
137,0,"Lequel de ces termes ne désigne pas une partie du clitoris ?","La partie visible du clitoris est composée d’un capuchon qui recouvre en partie un petit gland, composé de corps caverneux et spongieux qui se gorgent de sang pendant l’excitation. Le clitoris se prolonge à l’intérieur du corps par deux racines d’environ 10 centimètres."
138,0,"Quelle est la partie du clitoris la plus sensible ?","Les fibres nerveuses se situent sur le gland. C'est donc sur cette partie qu'il faut concentrer son attention, sauf pour certaines femmes hypersensibles, qui supportent difficilement que le petit gland soit caressé directement et préfèrent que les caresses se fassent dans l’immédiat alentour du clitoris."
139,0,"Combien de capteurs de plaisirs compte le clitoris ?","Environ 8 000 fibres nerveuses, véritables capteurs de plaisir, connectées à notre cerveau constituent le clitoris, qui ne représente que 1/10 000 de la surface du corps de la femme. C’est la partie la plus sensible du corps d'une femme. A titre indicatif, le pénis en compte entre 3000 et 4000."
140,0,"Quelle est la proportion de femmes qui disent avoir besoin d’une stimulation clitoridienne pour jouir ?","L'orgasme par stimulation uniquement vaginale reste plus rare. Ne vous inquiétez donc pas si, comme 80% des femmes, vous avez besoin de caresses clitoridiennes pour atteindre l'extase, vous êtes normale !"
141,0,"Est-il possible d’avoir plusieurs orgasmes clitoridiens à la suite ?","En théorie, le sexe féminin n’est pas comme le pénis, qui est soumis à une période réfractaire, c’est-à-dire de récupération après l’éjaculation. Dans la pratique, seules 13% des femmes se disent multiorgasmiques."
142,0,"En France, on dit que la masturbation rend sourd, aux États-Unis, on dit qu’elle rend :","En effet, les idées reçues sur la masturbation sont nombreuses. Ce genre de croyance a été inventé pour empêcher cette pratique autrefois très mal vue."
143,0,"La zone érogène la plus sensible chez l'homme est :","La verge, et plus particulièrement le gland, constitue l'unique zone érogène primaire de l'homme. Une zone érogène primaire est une zone qui, une fois stimulée, déclenche une réaction en chaîne pouvant aboutir à l'orgasme. 
Plus précisément, il s'agit ici de la couronne du gland et du frein, zone où la peau se transforme en muqueuse."
144,0,"Les hommes aiment qu'on stimule leur pénis juste après l'éjaculation :","Juste après l'éjaculation, l'érection du pénis diminue très rapidement et celui-ci a avant tout besoin de repos ! C'est ce qu'on appelle la période réfractaire. Ainsi, toute caresse devient désagréable durant quelques minutes, alors abstenez-vous ! Il s'agit d'un réflexe biologique auquel votre homme ne peut rien..."
145,0,"Quand il y a éjaculation, il y a forcément orgasme, et vice versa ","Eh non ! Chez l'homme, orgasme et éjaculation peuvent être complètement déconnectés. Éjaculation ne signifie pas automatiquement jouissance ! Un homme peut éjaculer sans ressentir de plaisir. Il peut même simuler. Oui, mesdames. 
Il peut aussi avoir beaucoup de plaisir et même des orgasmes sans éjaculer... "
146,0,"Les zones érogènes secondaires de l'homme se situent :","Les mauvaises langues diront que seule la verge est érogène chez l'homme, mais il n'en est rien ! Les zones érogènes secondaires sont réparties sur toute la surface du corps. Stimulées, elles déclenchent l'excitation des zones érogènes primaires. 
Bien sûr, il y a les testicules, le périnée et les environs de l'anus, mais ce n'est pas tout. Le visage, le cou, la nuque, les aisselles, les mamelons, le ventre, les fesses, l'intérieur des cuisses... Toutes ces parties du corps peuvent, lorsqu'elles sont caressées, embrassées ou massées provoquer les plus agréables des sensations. 
L'originalité, c'est que chaque homme a en plus une zone érogène secrète qui est particulièrement réactive. Cependant, ce qui plaît à l'un ne fait pas forcément le bonheur de l'autre... "
147,0,"Laquelle de ces zones est la plus réactive aux caresses chez un homme ?","Tout homme apprécie qu'on lui caresse la zone située entre le nombril et le pubis. La stimulation de cette partie envoie des signaux particuliers au cerveau, qui peuvent plonger votre partenaire dans un intense état de jouissance. Pour ce faire, placez le bord de votre main à l'horizontale en dessous de son ventre, puis glissez votre main jusqu'à la base de son pénis, de haut en bas."
148,0,"Une éjaculation n'est jamais douloureuse :","L'éjaculation n'est pas toujours une partie de plaisir. L'homme peut ressentir des douleurs au niveau du bassin, de l'urètre ou de l'anus. Les responsables : une infection de la prostate ou un rétrécissement de l'urètre qui empêche le sperme de s'écouler normalement. Il faut alors consulter au plus vite."
149,0,"La méthode du start and stop est un moyen de retarder l'éjaculation de l'homme. En quoi consiste-t-elle ?","Il y a divers moyens de retarder l'éjaculation. La méthode américaine du start and stop consiste, pour la femme, à exciter son partenaire progressivement, tout en restant à son écoute afin qu'il n'atteigne pas le point de non-retour. 
A la demande de l'homme, elle arrête les stimuli et exerce une pression sur le frein du pénis, jusqu'à ce que l'imminence de l'éjaculation ait disparu."
150,0,"Le terme orgasme vient du grec orgân. Que signifie ce mot ?","Les dictionnaires définissent encore l’orgasme comme au temps d’Hippocrate : le plus haut point d’excitation sexuelle. 
Mais l’orgasme est une réaction très complexe qui n’inclut pas seulement des réactions corporelles, mais aussi tout ce qui touche à notre psychisme, ce qui fait dire à certains spécialistes que l’orgasme est avant tout une expérience du cerveau !"
151,0,"Quel est le nom savant de l'absence d'orgasme ?","La cause peut être physique ou psychologique. Cela peut également venir d’un partenaire décevant !
Une femme anorgasmique ne parvient pas à l'orgasme, mais elle peut cependant avoir beaucoup de désir ou une grande excitation pendant l’acte sexuel. 
Alors que l’anaphrodisie (ou frigidité) concerne les femmes qui ne ressentent aucun sentiment de désir."
152,0,"Pour atteindre l’orgasme à coup sûr, les sexologues conseillent souvent de :","Il a été prouvé que gémir et crier favorise l’excitation et amplifie le plaisir, alors que le silence le bloque. L'explication est avant tout psychologique : en exprimant son désir et sa jouissance, on se met dans l'ambiance, on s'abandonne."
153,0,"Avoir un orgasme, en termes de calories éliminées, équivaut à :","Eh oui, le sexe c’est du sport ! On ne vous répétera jamais assez que c’est bon pour le moral et la santé. 
Avec un orgasme, vous dépensez l'équivalent d'un macaron.
Il est important, cela dit, de noter que la simulation de l’orgasme peut faire monter la dépense énergétique jusqu’à 315 calories (on se dépense plus quand on joue la comédie !)."
154,0,"Un homme peut jouir sans éjaculer. Quelle en est la cause ?","De manière physiologique, l'orgasme et l'éjaculation sont habituellement liés. 
Malgré tout, si l’homme parvient à les dissocier, il pourra alors ressentir un orgasme sans éjaculer. 
Mais cette technique extrêmement difficile à pratiquer nécessite une connaissance très particulière de son corps et un entraînement de longue haleine.
Dans le cas des éjaculateurs précoces, il est également possible que le contraire se produise : un homme peut éjaculer sans avoir d’orgasme."
155,0,"Combien de femmes en moyenne ont déjà simulé l’orgasme ?","Et oui !!! Et encore, ce chiffre varie selon les sondages ! 
Parmi les raisons qui poussent les femmes à simuler, on retrouve : l’envie de faire plaisir à son partenaire, l’envie de finir vite ou encore l’ennui pendant l’acte sexuel !"
156,0,"L’éjaculation féminine concerne :","Mais bien souvent, le liquide sécrété est insuffisant pour être perçu. Ce liquide est émis par l’urètre de la femme au moment de l’orgasme, et la quantité émise peut varier de 5 à 200 ml !"
157,0,"Une femme peut améliorer son orgasme en musclant :","Aussi appelé muscle du bonheur, le périnée tient un rôle très important lors de l’orgasme. Il exerce des pressions rythmées sur le pénis qui répond en palpitant. 
Pour le muscler : effectuez de petites contractions régulières (comme si vous aviez envie de faire pipi et que vous vous reteniez !), 10 fois de suite, au moins une fois par jour."
158,0,"Les peuvent peuvent avoir souvent un orgasme en :","Dans l'étude de Kinsey (1953), 70% des femmes déclarent avoir fréquemment des rêves sexuels et 40% des orgasmes nocturnes. 
Ces orgasmes peuvent être déclenchés par des rêves érotiques ou par… une vessie trop pleine ! 
En faisant pression sur les organes génitaux, l’afflux sanguin génère une excitation locale. 
Les hommes comme les femmes peuvent avoir un orgasme en dormant."
159,0,"Les femmes peuvent avoir des orgasmes jusqu’à :","Il n'y a pas d'âge pour le plaisir ! Mais il faut savoir qu'après 50 ans, l'orgasme est en général moins fort, car les contractions musculaires qui l'accompagnent sont moins intenses, du fait d'une diminution du tonus musculaire. 
Mais on assiste actuellement à un allongement de l’activité sexuelle. 
En 2006, selon une étude de l’Inserm, les femmes entre 50 et 70 ans déclaraient avoir en moyenne 7,3 rapports sexuels par mois."
160,0,"Toutes les femmes ont un point G.","Quelques rares études scientifiques ont prouvé que toutes les femmes en sont pourvues. Si elles n'en ont pas forcément conscience, c'est parce que pour beaucoup d'entre elles, il n'est pas éveillé, faute de stimulation."
161,0,"Le point G tire son nom du médecin qui l'a découvert. Comment s'appelait-il?","Découvert en Occident en 1944 par le Docteur Grafenberg, un médecin allemand, le point G était déjà connu des Orientaux depuis des millénaires. Japonais, Thaïlandais et Chinois l'appelaient la perle noire."
162,0,"Lorsqu'il est stimulé, le point G est gros comme une pièce de :","Lorsque l'on titille le point G, il gonfle et se met à palpiter. A noter que la taille du point G varie d'une femme à l'autre, mais en moyenne, il est gros comme une pièce de 2 euros !"
163,0,"Au toucher, la surface du point G est :","Le point G est une zone rugueuse, constituée de petits plis parallèles, qui durcit lorsqu'on la touche longuement."
164,0,"Pendant un câlin, le meilleur moment pour stimuler le point G, c'est :","Pratiquée trop tôt, la stimulation du point G peut être agaçante pour la femme voire carrément désagréable. Mieux vaut le titiller une fois l'orgasme clitoridien passé, le point G est alors déjà bien gonflé."
165,0,"Quelle est la position la plus efficace pour stimuler le point G pendant la pénétration ?","Dans la position de la levrette, l'axe de pénétration du pénis aboutit sur la face antérieur du vagin, celle où se situe le point G. L'andromaque peut également favoriser la stimulation de cette zone érogène, à condition que la femme se penche en arrière. Quant au missionnaire, il peut être favorable au déclenchement d'un orgasme si la femme lève ses jambes en l'air. C'est sportif !"
166,0,"L'orgasme vaginal, obtenu après stimulation du point G, est semblable à l'orgasme clitoridien.","Ce ne sont pas du tout les mêmes contractions qui se produisent. Au cours d'un orgasme clitoridien, le haut du vagin se dilate tandis que le bas se rétrécit. Au cours d'un orgasme vaginal, c'est le contraire : le haut se resserre, le bas se dilate. Côté sensations, c'est également différent. On dit que l'orgasme vaginal est plus puissant et plus intense, mais certains spécialistes réfutent cette idée qui culpabilise les femmes clitoridiennes."
167,0,"Après stimulation du point G, les femmes aussi peuvent éjaculer.","Au moment de l'orgasme, il arrive qu'un liquide incolore s'échappe du vagin. Il ne s'agit pas d'urine mais d'un fluide sécrété par les glandes de Skene, situées sur l'urètre."
168,0,"Retrouvez la bonne orthographe :","Voilà, vous savez maintenant l'écrire, à vous de bien le mettre en œuvre!"
169,0,"Laquelle de ces villes françaises existe vraiment ?","Montcuq est une petite commune de plus de 1 000 habitants située dans la région Midi-Pyrénées. Les habitants sont les Montcuquois et les Montcuquoises."
170,0,"Que signifie le mot 'blow job' en français ?","Pour votre information, un cunnilingus se dit cunnilingus tout simplement, et un orgasme s'écrit en anglais : orgasm, sans le e."
171,0,"S'embrasser pendant 1 minute permet de brûler des calories autant que...","Bon sport à toutes et à tous ! "
172,0,"Comment dit-on un 'préservatif' en espagnol ?","Voilà, au moins si vous vous rendez en Espagne et que vous avez besoin de vous protéger, vous connaîtrez le mot magique : Un condón por favor ! "
173,0,"Que désigne la klysmaphilie ?","La klysmaphilie est l’attirance sexuelle pour les lavements."
174,0,"Quel terme désigne l'excitation sexuelle à l'idée d'un vol ?","L’harpaxophilie désigne l’excitation sexuelle à l’idée d’un vol."
175,0,"La pédiophile est l’attirance sexuelle pour :","La pédiophile est l’attirance sexuelle pour les poupées, les ours en peluche et autres jouets zoomorphes ou anthropomorphes."
176,0,"Difficilement réalisable, l'exobiophilie est l’attirance sexuelle pour :","L’exobiophilie est l’attirance sexuelle pour les extraterrestres et leurs représentations."
177,0,"Les femmes enceintes sont l’objet d’attirance sexuelle pour :","Les femmes enceintes sont l’objet d’attirance sexuelle pour les maïeusophiles."
178,0,"L'attirance sexuelle pour les pubis rasés se nomme :","L’attirance sexuelle pour les pubis rasés se nomme l’acomoclitisme."
179,0,"L’acrotomophilie est l'excitation par l'idée d'avoir des relations sexuelles avec :","L’acrotomophilie est l’excitation par l’idée d’avoir des relations sexuelles avec une personne amputée."
180,0,"Les statues sont l'objet d'attirance sexuelle pour :","Les statues ne laissent pas de marbre les pygmalionistes."
181,0,"Le fétichisme du pied se nomme :","Le fétichisme du pied se nomme la podophilie."
182,0,"La trichophilie est l’attirance sexuelle pour :","La trichophilie est l’attirance sexuelle pour les poils et les cheveux."
